model,horizon_day,accuracy,precision,recall,f1_score,cohens_kappa,auc_roc,false_alarm_rate,missed_event_rate,tn,fp,fn,tp
CNN,1,0.84125,0.4696969696969697,0.808695652173913,0.5942492012779552,0.5040515473982232,0.8853951126626467,0.15328467153262296,0.19130434782442343,580,105,22,93
CNN,2,0.845,0.47715736040609136,0.8173913043478261,0.6025641025641025,0.5144157814871018,0.8876674071723263,0.15036496350343012,0.18260869565058602,582,103,21,94
CNN,3,0.8425,0.4720812182741117,0.808695652173913,0.5961538461538461,0.5065837779627,0.8878578229133608,0.15182481751802654,0.19130434782442343,581,104,22,93
CNN,4,0.8425,0.4723618090452261,0.8173913043478261,0.5987261146496815,0.5093219101397071,0.8884925420501428,0.15328467153262296,0.18260869565058602,580,105,21,94
CNN,5,0.84,0.46733668341708545,0.808695652173913,0.5923566878980892,0.5015333690308135,0.8880355442716599,0.15474452554721935,0.19130434782442343,579,106,22,93
CNN,6,0.84,0.46733668341708545,0.808695652173913,0.5923566878980892,0.5015333690308135,0.8878451285306254,0.15474452554721935,0.19130434782442343,579,106,22,93
CNN,7,0.84125,0.467005076142132,0.8070175438596491,0.5916398713826366,0.5016774244178062,0.8890977443609023,0.1530612244895728,0.19298245613865805,581,105,22,92
CNN,8,0.84,0.467005076142132,0.8,0.5897435897435898,0.49875177443829855,0.8837321485242781,0.15328467153262296,0.19999999999826087,580,105,23,92
CNN,9,0.84375,0.47474747474747475,0.8173913043478261,0.6006389776357828,0.5118617592502197,0.8828054585845763,0.15182481751802654,0.18260869565058602,581,104,21,94
CNN,10,0.84125,0.467005076142132,0.8070175438596491,0.5916398713826366,0.5016774244178062,0.8844943992634648,0.1530612244895728,0.19298245613865805,581,105,22,92
CNN,11,0.8375,0.4595959595959596,0.7982456140350878,0.5833333333333334,0.4913330985639942,0.8827681448519257,0.1559766763846123,0.2017543859631425,579,107,23,91
CNN,12,0.8375,0.45685279187817257,0.7964601769911505,0.5806451612903226,0.48888823361739353,0.879777408509487,0.15574963609875436,0.20353982300704831,580,107,23,90
CNN,13,0.835,0.4494949494949495,0.7946428571428571,0.5741935483870968,0.48145820238843495,0.8777901785714286,0.15843023255790925,0.20535714285530932,579,109,23,89
CNN,14,0.835,0.4517766497461929,0.7876106194690266,0.5741935483870968,0.4810249756730458,0.8760417874302793,0.15720524017444365,0.2123893805290939,579,108,24,89
